{"cameraMode":{"drawMode":0,"name":"Shaded","section":"Shading Mode"},"sceneLighting":true,"audioPlay":false,"sceneViewState":{"m_AlwaysRefresh":false,"showFog":true,"showSkybox":true,"showFlares":true,"showImageEffects":true,"showParticleSystems":true,"showVisualEffectGraphs":true,"m_FxEnabled":true},"in2DMode":false,"pivot":{"x":8.18978214263916,"y":1.3149473667144776,"z":10.474041938781739},"rotation":{"x":0.03273861110210419,"y":0.8699164390563965,"z":-0.058282434940338138,"w":0.4886486828327179},"size":9.212075233459473,"orthographic":false}